Location,WeekNum,avg_price,median_price,std_price,years_count,avg_norm,risk_norm,HighPriceScore,Label,conf_score,Confidence
Anuradapura,1,61.48777777777778,40.83333333333333,42.067932410030586,18,0.37369844555733506,0.31163486255573625,0.45236511852906724,MODERATE,0.943180130027823,High
Anuradapura,2,61.087645502222216,40.83333333333333,40.25471935010233,18,0.35015122584002606,0.21243891817186825,0.4595036898370525,MODERATE,0.9457229320567232,High
Anuradapura,3,57.99583333314815,40.375,37.89753712774083,18,0.16820244310623464,0.08348390356301444,0.3552808564389224,WEAK,0.9490285820489782,High
Anuradapura,4,57.0262037037037,41.45,36.7516514670752,18,0.11114110783344236,0.02079562231372905,0.3281569252966495,WEAK,0.9506355417864862,High
Anuradapura,5,55.13760942722222,40.0,36.37152610809206,18,0.0,0.0,0.25,WEAK,0.9511686195341708,High
Anuradapura,6,56.179351851851855,40.4,40.08902924406705,18,0.06130507149801223,0.20337446407849055,0.24513518760388653,WEAK,0.9459552914782972,High
Anuradapura,7,55.1575,40.5,37.71476682525037,18,0.0011705321367817744,0.0734850384756519,0.23250663948367337,WEAK,0.9492848942862251,High
Anuradapura,8,55.422685185000006,40.916666665,38.84338565995299,18,0.016776306023180722,0.13522869873925966,0.22877505483257063,WEAK,0.9477021490886748,High
Anuradapura,9,56.65175925925926,41.6,39.424213722093455,18,0.08910558072427113,0.16700421890397474,0.27507813081720967,WEAK,0.946887611179428,High
Anuradapura,10,56.91824074092593,43.133333335,39.497324160441636,18,0.10478763984006434,0.17100389171493124,0.28583975695131547,WEAK,0.9467850830347361,High
Anuradapura,11,57.949000974649124,44.025,39.997688652366016,18,0.16544642490219158,0.19837746926602,0.32449045136013865,WEAK,0.9460833851077945,High
Anuradapura,12,58.5922666551806,43.95833333333333,40.83592936361702,18,0.203301702372743,0.24423533385521418,0.34141744331575374,WEAK,0.9449078585089732,High
Anuradapura,13,59.06868048386022,44.079166666666666,40.7163251495489,18,0.231337983836685,0.2376921132988573,0.36408045955279944,WEAK,0.9450755882947985,High
Anuradapura,14,60.412686905132446,44.0,43.704164654474546,18,0.3104308649576347,0.4011486689064231,0.38253598149162027,WEAK,0.9408855212127459,High
Anuradapura,15,61.11996493115774,44.416666665,44.402228047451935,18,0.35205317862108093,0.4393378144825855,0.4042054303451643,WEAK,0.9399065755768513,High
Anuradapura,16,61.38094666107193,44.166666665,44.269983006276355,18,0.3674115851079366,0.432103048729236,0.4175329266486435,MODERATE,0.9400920325242144,High
Anuradapura,17,62.99628024302316,44.7,46.87162411890692,18,0.46247168671593947,0.5744317429233408,0.4532458293061194,MODERATE,0.9364435598511083,High
Anuradapura,18,63.84241629392501,44.75,48.022887668145316,18,0.5122655991756591,0.6374142337983759,0.4748456409321503,MODERATE,0.9348290583049313,High
Anuradapura,19,63.63892271519722,44.7,47.4606936674608,18,0.5002902892541791,0.6066581323465964,0.47355318385398526,MODERATE,0.9356174642993338,High
Anuradapura,20,64.47950321035833,44.966666665000005,48.66827336696016,18,0.5497572650990071,0.6727215263061377,0.4941375672477209,MODERATE,0.933923986473806,High
Anuradapura,21,63.98341703922314,45.75,47.284514189676834,18,0.5205632940447606,0.5970198333148604,0.4911675122048554,MODERATE,0.9358645337383644,High
Anuradapura,22,64.31640494197683,45.5,48.289103814155354,18,0.5401591621822666,0.6519781935432634,0.4921248232508841,MODERATE,0.9344557238241908,High
Anuradapura,23,65.41497485531255,45.80357142857143,49.729036933394916,18,0.6048084511910689,0.7307530097903009,0.5209180859457264,MODERATE,0.9324363997094461,High
Anuradapura,24,65.63835958346307,45.10714285714286,50.134166419019174,18,0.6179543271840722,0.7529165397208867,0.5252366104578324,MODERATE,0.9318682568360137,High
Anuradapura,25,66.83822579309508,45.98571428571428,52.003036220615776,18,0.6885647602723578,0.8551573127424541,0.5526342420186547,MODERATE,0.9292474032649292,High
Anuradapura,26,66.85327718791227,45.114285714285714,52.78627244493148,18,0.6894505136155998,0.8980060317725966,0.5425863772685507,MODERATE,0.9281490135035091,High
Anuradapura,27,67.9051804345813,44.84285714285714,54.65063087483837,18,0.7513535351508539,0.9999999999452928,0.5635151513768173,MODERATE,0.9255344865607393,High
Anuradapura,28,67.46171331087997,45.02142857142857,54.092009771621726,18,0.725256120777821,0.9694393619756292,0.5515822500894585,MODERATE,0.9263178820182494,High
Anuradapura,29,65.89602396495643,44.9,51.58535837270138,18,0.6331175123980729,0.8323072961130077,0.5167613102703028,MODERATE,0.9298331436296855,High
Anuradapura,30,67.75843681917212,46.0,51.12584992135812,18,0.7427178804805213,0.8071688411841826,0.6052462000643454,MODERATE,0.9304775461261129,High
Anuradapura,31,68.05122004357298,45.1,51.150785078848784,18,0.7599477600370681,0.8085329756868015,0.6178275761061006,MODERATE,0.9304425777208771,High
Anuradapura,32,67.6950526506899,45.25,51.12928707910617,18,0.7389878116182248,0.8073568787162021,0.6024016390346181,MODERATE,0.9304727259470128,High
Anuradapura,33,68.0131445170661,44.8,51.127350468831835,18,0.7577070690374104,0.8072509320465516,0.6164675687664198,MODERATE,0.9304754417980309,High
Anuradapura,34,68.35577342029413,45.975,51.502519471825295,18,0.7778702964466693,0.827775405633215,0.6264588709266983,MODERATE,0.9299493147128719,High
Anuradapura,35,68.19179738562092,46.585,51.02558652875648,18,0.7682205382224367,0.80168370425458,0.6257444776031825,MODERATE,0.9306181528555515,High
Anuradapura,36,68.35763616557735,46.965,50.92224844052154,18,0.7779799163777295,0.7960303591073233,0.6344773475064662,MODERATE,0.9307630714568089,High
Anuradapura,37,68.19541938997821,46.707499999999996,51.036374214271405,18,0.7684336880671971,0.8022738691259999,0.6257567987688979,MODERATE,0.9306030244907604,High
Anuradapura,38,68.4378322440087,47.125,51.243944947040475,18,0.7826993424142014,0.8136294981574245,0.6336171322712949,MODERATE,0.930311932786156,High
Anuradapura,39,68.40367102396515,46.0,51.581240606655435,18,0.7806890028257237,0.8320820243560882,0.6274962460302707,MODERATE,0.9298389182758579,High
Anuradapura,40,68.70329287270464,45.9,50.92663065333865,18,0.7983213257733771,0.7962700980263123,0.6496734698234548,STRONG,0.9307569259574803,High
Anuradapura,41,68.22643323996266,47.25,48.41325684193796,18,0.7702588093695202,0.6587702672996146,0.6630015402022366,STRONG,0.9342816149023456,High
Anuradapura,42,69.22198101462807,47.0,47.41704087856929,18,0.8288453909107765,0.6042700072471363,0.7205665413712983,STRONG,0.9356786818156938,High
Anuradapura,43,69.86456582633053,48.575,47.1890722366172,18,0.8666606002116377,0.5917984642012022,0.7520458341084277,STRONG,0.9359983790085347,High
Anuradapura,44,70.26085434173669,50.4,47.002664869549584,18,0.8899816200687802,0.5816006252240694,0.7720860587455679,STRONG,0.9362597917689305,High
Anuradapura,45,71.23955026473544,49.833333335,47.47596074672369,18,0.9475764939221543,0.6074933526408544,0.8088090322814021,STRONG,0.9355960541512475,High
Anuradapura,46,71.56296296314815,50.783333334999995,46.815665342004934,18,0.966608874797499,0.571370390761241,0.8321140584078139,STRONG,0.9365220349595144,High
Anuradapura,47,71.36870370370372,51.0,46.261827134850144,18,0.955176991533624,0.5410714119987775,0.8311148906505237,STRONG,0.937298723010113,High
Anuradapura,48,71.4238888887037,51.916666665,45.78274082224257,18,0.958424561789062,0.5148619056419387,0.8401029449313119,STRONG,0.937970580981269,High
Anuradapura,49,71.0862962962963,52.0,45.25727805390224,18,0.9385577141639466,0.48611526979642844,0.8323894681738528,STRONG,0.9387074760671119,High
Anuradapura,50,70.73518518537037,53.633333335,44.6746253842756,18,0.9178953208024464,0.45423993032932625,0.8248615080195032,STRONG,0.9395245727576296,High
Anuradapura,51,71.38129629648148,54.333333335,43.628535021809384,18,0.9559180478469067,0.397011177840744,0.8676857414249941,STRONG,0.9409915822089057,High
Anuradapura,52,72.13037037037037,56.125,44.524557825181816,18,0.9999999999411514,0.4460301431980341,0.888492464156355,STRONG,0.9397350235326482,High
Badulla,1,83.43333333333334,114.0,60.0046942608104,3,0.5183683205880688,0.0,0.6387762404410516,MODERATE,0.318026089743478,Low
Badulla,2,83.43333333333334,114.0,60.0046942608104,3,0.5183683205880688,0.0,0.6387762404410516,MODERATE,0.318026089743478,Low
Badulla,3,83.43333333333334,114.0,60.0046942608104,3,0.5183683205880688,0.0,0.6387762404410516,MODERATE,0.318026089743478,Low
Badulla,4,83.43333333333334,114.0,60.0046942608104,3,0.5183683205880688,0.0,0.6387762404410516,MODERATE,0.318026089743478,Low
Badulla,5,83.43333333333334,114.0,60.0046942608104,3,0.5183683205880688,0.0,0.6387762404410516,MODERATE,0.318026089743478,Low
Badulla,6,83.43333333333334,114.0,60.0046942608104,3,0.5183683205880688,0.0,0.6387762404410516,MODERATE,0.318026089743478,Low
Badulla,7,83.43333333333334,114.0,60.0046942608104,3,0.5183683205880688,0.0,0.6387762404410516,MODERATE,0.318026089743478,Low
Badulla,8,83.43333333333334,114.0,60.0046942608104,3,0.5183683205880688,0.0,0.6387762404410516,MODERATE,0.318026089743478,Low
Badulla,9,89.76666666666667,114.0,66.73577251619504,3,0.6543416030311411,0.27955623221245085,0.6708671442202431,MODERATE,0.3085866036606037,Low
Badulla,10,87.43333333333334,115.0,63.97158223252988,3,0.6042461831836935,0.16475343368585138,0.6619962789663073,MODERATE,0.31246303099112843,Low
Badulla,11,89.24285714285715,116.42857142857143,65.71240214691872,3,0.6430956924531427,0.23705344829905767,0.6730584072650927,MODERATE,0.3100217511944601,Low
Badulla,12,89.71904761904761,117.85714285714286,66.01239885598075,3,0.6533192475240502,0.24951296020481,0.6776111955918351,MODERATE,0.30960104374571906,Low
Badulla,13,92.12857142857143,119.28571428571429,68.41926122169437,3,0.7050504361828434,0.34947515777316923,0.6914190376938402,STRONG,0.3062257236346548,Low
Badulla,14,93.13809523809523,120.71428571428571,69.29528996175969,3,0.7267243729331675,0.3858585252799384,0.698578648379891,STRONG,0.3049972041038605,Low
Badulla,15,94.01428571428572,122.14285714285714,70.02381664804614,3,0.745535714263638,0.41611581360094935,0.7051228322974912,STRONG,0.3039755375512986,Low
Badulla,16,94.4904761904762,123.57142857142857,70.31499728747357,3,0.7557592693345457,0.42820917507486006,0.7097671582321943,STRONG,0.30356719352539474,Low
Badulla,17,94.83333333333333,125.0,70.47143629395767,3,0.763120228985599,0.43470642522772623,0.7136635654322676,STRONG,0.3033478076011048,Low
Badulla,18,94.56666666666668,125.0,70.18648967809499,3,0.7573950381458909,0.422871976230118,0.7123282845518888,STRONG,0.30374740919727494,Low
Badulla,19,94.5,125.0,70.11554749126616,3,0.7559637404359636,0.41992559383753264,0.7119914068675895,STRONG,0.30384689664339454,Low
Badulla,20,93.63333333333333,125.0,69.20421470787261,3,0.7373568702069114,0.38207597308570446,0.7074986593837574,STRONG,0.3051249256306268,Low
Badulla,21,92.76507936666667,128.0952381,72.83800578744517,3,0.7187159214950352,0.5329951727012897,0.6557881479459539,MODERATE,0.30002899314815146,Low
Badulla,22,87.39682540000001,122.0,68.04897418620104,3,0.6034623773630811,0.33409633664643146,0.6190726988607029,WEAK,0.30674500437773805,Low
Badulla,23,87.6952381,119.8,68.53586181268223,3,0.6098691385749281,0.3543178324017452,0.6188223958307597,WEAK,0.30606220605038,Low
Badulla,24,90.92698413333335,126.4,71.16297053798665,3,0.6792529990235673,0.4634273374459102,0.6435829149061979,MODERATE,0.3023780182709747,Low
Badulla,25,91.62539683333334,125.4,71.95165065095748,3,0.6942475464949769,0.49618292762592875,0.6466399279647504,MODERATE,0.3012719941441162,Low
Badulla,26,96.19047619999999,136.0,75.60400774924766,3,0.792257361142157,0.6478732141376932,0.6822247173221945,MODERATE,0.29615002516813277,Low
Badulla,27,96.8888889,135.0,76.33721485638333,3,0.8072519086135669,0.6783248904554164,0.685857708846321,STRONG,0.29512179491718665,Low
Badulla,28,59.28888888999999,36.66666667,64.64041849824532,3,0.0,0.19253164979274015,0.20186708755181496,WEAK,0.3115250727053379,Low
Badulla,29,63.4,40.0,69.13667622904647,3,0.08826335875498173,0.3792709540451234,0.22137978055495547,WEAK,0.30521963980668443,Low
Badulla,30,63.4,40.0,69.13667622904647,3,0.08826335875498173,0.3792709540451234,0.22137978055495547,WEAK,0.30521963980668443,Low
Badulla,31,105.66666666666667,148.0,83.93052682625871,3,0.9957061068487493,0.9936915529383449,0.7483566919019757,STRONG,0.2844731350824533,Low
Badulla,32,105.86666666666667,148.6,84.08241988271587,3,0.9999999999785306,0.9999999999584679,0.749999999994281,STRONG,0.2842601242782236,Low
Badulla,33,105.86666666666667,148.6,84.08241988271587,3,0.9999999999785306,0.9999999999584679,0.749999999994281,STRONG,0.2842601242782236,Low
Badulla,34,99.2,140.0,78.23375230678892,3,0.8568702289858227,0.7570921909931959,0.703379623991068,STRONG,0.2924621409673262,Low
Badulla,35,93.93333333333334,130.8,73.76729175815888,3,0.7437977099015836,0.5715904281364486,0.6649506753920755,MODERATE,0.29872578708595116,Low
Badulla,36,93.8,132.4,73.53720146973231,3,0.7409351144817292,0.5620342810139946,0.6651927656077983,MODERATE,0.29904845961968224,Low
Badulla,37,92.86666666666667,134.0,72.63506958304185,3,0.7208969465427504,0.5245667933941404,0.6595310115585277,MODERATE,0.30031358551277654,Low
Badulla,38,89.86666666666667,128.0,70.07034560592186,3,0.6564885495960319,0.4180482618148894,0.6378543467433015,WEAK,0.30391028657164054,Low
Badulla,39,89.13333333333333,128.0,69.40787659432705,3,0.6407442747868337,0.3905344915373266,0.6329245832057937,WEAK,0.30483931558869026,Low
Badulla,40,90.46666666666665,128.0,70.62473598770713,3,0.6693702289853751,0.44107329293568054,0.6417593485051112,MODERATE,0.3031328241659472,Low
Badulla,41,90.33333333333333,128.0,70.50059101407118,3,0.6665076335655211,0.4359172837851381,0.6409014042278562,MODERATE,0.3033069217928702,Low
Badulla,42,88.66666666666667,128.0,68.9951689129995,3,0.6307251908173445,0.373393849277705,0.629695430793582,WEAK,0.305418085923305,Low
Badulla,43,87.66666666666667,126.0,68.13467056743822,3,0.6092557251684383,0.33765549263065203,0.6225279207186657,WEAK,0.30662482603968444,Low
Badulla,44,89.66666666666667,128.0,69.88800564713041,3,0.6521946564662506,0.41047528911609005,0.6365271700706654,WEAK,0.30416599530626814,Low
Badulla,45,90.0,128.0,70.19259220174163,3,0.6593511450158859,0.4231254272305248,0.6387320019542831,WEAK,0.30373885117954774,Low
Badulla,46,90.0,128.0,70.19259220174163,3,0.6593511450158859,0.4231254272305248,0.6387320019542831,WEAK,0.30373885117954774,Low
Badulla,47,90.0,128.0,70.19259220174163,3,0.6593511450158859,0.4231254272305248,0.6387320019542831,WEAK,0.30373885117954774,Low
Badulla,48,90.0,128.0,70.19259220174163,3,0.6593511450158859,0.4231254272305248,0.6387320019542831,WEAK,0.30373885117954774,Low
Badulla,49,90.0,128.0,70.19259220174163,3,0.6593511450158859,0.4231254272305248,0.6387320019542831,WEAK,0.30373885117954774,Low
Badulla,50,90.0,128.0,70.19259220174163,3,0.6593511450158859,0.4231254272305248,0.6387320019542831,WEAK,0.30373885117954774,Low
Badulla,51,89.8,128.0,70.00942793652867,3,0.6550572518861046,0.415518219303929,0.6374133840885963,WEAK,0.3039957158996949,Low
Badulla,52,90.0,128.0,70.19259220174163,3,0.6593511450158859,0.4231254272305248,0.6387320019542831,WEAK,0.30373885117954774,Low
Embilipitiya,1,121.5,135.0,48.977035434987286,5,0.12232030264724594,0.0525980299317913,0.32859071950248664,STRONG,0.4134909867521959,Medium
Embilipitiya,2,121.5,135.0,48.977035434987286,5,0.12232030264724594,0.0525980299317913,0.32859071950248664,STRONG,0.4134909867521959,Medium
Embilipitiya,3,119.5,135.0,46.38156961552724,5,0.10718789407232891,0.04225782353973688,0.31982646466931247,STRONG,0.4171307993575196,Medium
Embilipitiya,4,237.5,135.0,286.7817114113102,5,0.9999999999924338,0.9999999999960161,0.7499999999953214,STRONG,0.07999999999606901,Low
Embilipitiya,5,119.5,135.0,46.38156961552724,5,0.10718789407232891,0.04225782353973688,0.31982646466931247,STRONG,0.4171307993575196,Medium
Embilipitiya,6,119.5,135.0,46.38156961552724,5,0.10718789407232891,0.04225782353973688,0.31982646466931247,STRONG,0.4171307993575196,Medium
Embilipitiya,7,117.5,135.0,48.41229182759271,5,0.09205548549741188,0.05034811956299742,0.30645458423230953,STRONG,0.4142829682476018,Medium
Embilipitiya,8,114.0,117.5,47.45392502206746,5,0.06557377049130707,0.0465300340023536,0.2875478193678919,MODERATE,0.4156269565032438,Medium
Embilipitiya,9,110.0,117.5,42.683427697409684,5,0.03530895334147301,0.027524610559725906,0.2696005623661733,WEAK,0.42231697575364735,Medium
Embilipitiya,10,110.0,117.5,42.683427697409684,5,0.03530895334147301,0.027524610559725906,0.2696005623661733,WEAK,0.42231697575364735,Medium
Embilipitiya,11,110.02777777777779,117.5,42.654991530524725,5,0.03551912568279136,0.02741132228893275,0.26978651368986034,MODERATE,0.4223568538818427,Medium
Embilipitiya,12,110.05555555555557,117.5,42.626626901358904,5,0.03572929802410971,0.027298319020845136,0.269972393762871,MODERATE,0.42239663168743313,Medium
Embilipitiya,13,110.08333333333334,117.5,42.59833395281505,5,0.03593947036542795,0.027185601324780803,0.27015820244287575,MODERATE,0.4224363089700155,Medium
Embilipitiya,14,110.11111111111111,117.5,42.5701128278143,5,0.0361496427067462,0.02707316977013047,0.270343939587527,MODERATE,0.4224758855291611,Medium
Embilipitiya,15,111.63888888888889,125.0,42.996195639918795,5,0.047709121479252214,0.028770662445331257,0.27858917549810636,MODERATE,0.42187835826496756,Medium
Embilipitiya,16,111.66666666666666,125.0,42.96720325498922,5,0.04791929382057046,0.028655158229586263,0.2787756808080313,MODERATE,0.4219190164186346,Medium
Embilipitiya,17,111.69444444444443,125.0,42.938281144618735,5,0.048129466161888707,0.028539933984180157,0.2789621161253715,MODERATE,0.42195957602111894,Medium
Embilipitiya,18,111.72222222222221,125.0,42.90942945090821,5,0.04833963850320706,0.02842499027523577,0.2791484813085963,MODERATE,0.42200003687314214,Medium
Embilipitiya,19,106.25,125.0,37.353881993709834,5,0.006935687263503568,0.006291966254046694,0.253628773884116,WEAK,0.42979098966187557,Medium
Embilipitiya,20,106.77777777777779,127.5,37.65482442488791,5,0.010928961748551179,0.0074909058922328535,0.25632399483835516,WEAK,0.4293689559574569,Medium
Embilipitiya,21,106.80555555555557,127.5,37.62684309090592,5,0.01113913408986953,0.007379429653043164,0.25650949315414134,WEAK,0.4294081962400212,Medium
Embilipitiya,22,105.33333333333334,127.5,35.80231215376397,5,0.0,0.00011058938657373745,0.24997235265335657,WEAK,0.43196687016052526,Medium
Embilipitiya,23,105.36111111111111,127.5,35.77455342613666,5,0.00021017234131824434,0.0,0.25015762925598867,WEAK,0.43200579826582647,Medium
Embilipitiya,24,108.38888888888889,127.5,38.58332333413197,5,0.023118957545012038,0.011189999243567483,0.26454171834786716,WEAK,0.42806685364944086,Medium
Embilipitiya,25,108.41666666666666,127.5,38.55506523863701,5,0.023329129886330284,0.0110774204003119,0.26472749231466974,WEAK,0.42810648205502944,Medium
Embilipitiya,26,108.44444444444443,127.5,38.52688655542154,5,0.023539302227648527,0.010965157931617581,0.264913187187832,WEAK,0.4281459990949381,Medium
Embilipitiya,27,108.47222222222221,127.5,38.49878745885991,5,0.02374947456896688,0.010853212532183274,0.2650988027936793,WEAK,0.4281854045246288,Medium
Embilipitiya,28,109.5,127.5,39.6232255123179,5,0.031525851197743746,0.015332917662823142,0.269811158982602,MODERATE,0.42660852234409846,Medium
Embilipitiya,29,109.5,127.5,39.6232255123179,5,0.031525851197743746,0.015332917662823142,0.269811158982602,MODERATE,0.42660852234409846,Medium
Embilipitiya,30,109.0,125.0,39.354161152284775,5,0.027742749054014488,0.01426097867035844,0.2672418171229213,WEAK,0.426985851084839,Medium
Embilipitiya,31,109.0,125.0,39.354161152284775,5,0.027742749054014488,0.01426097867035844,0.2672418171229213,WEAK,0.426985851084839,Medium
Embilipitiya,32,109.0,125.0,39.354161152284775,5,0.027742749054014488,0.01426097867035844,0.2672418171229213,WEAK,0.426985851084839,Medium
Embilipitiya,33,110.0,130.0,39.92179855667828,5,0.03530895334147301,0.016522417782085987,0.27235111056058325,MODERATE,0.42618981140507367,Medium
Embilipitiya,34,110.0,130.0,39.92179855667828,5,0.03530895334147301,0.016522417782085987,0.27235111056058325,MODERATE,0.42618981140507367,Medium
Embilipitiya,35,110.0,130.0,39.92179855667828,5,0.03530895334147301,0.016522417782085987,0.27235111056058325,MODERATE,0.42618981140507367,Medium
Embilipitiya,36,110.0,130.0,39.92179855667828,5,0.03530895334147301,0.016522417782085987,0.27235111056058325,MODERATE,0.42618981140507367,Medium
Embilipitiya,37,110.0,130.0,39.92179855667828,5,0.03530895334147301,0.016522417782085987,0.27235111056058325,MODERATE,0.42618981140507367,Medium
Embilipitiya,38,110.0,130.0,39.92179855667828,5,0.03530895334147301,0.016522417782085987,0.27235111056058325,MODERATE,0.42618981140507367,Medium
Embilipitiya,39,110.0,130.0,39.92179855667828,5,0.03530895334147301,0.016522417782085987,0.27235111056058325,MODERATE,0.42618981140507367,Medium
Embilipitiya,40,110.0,130.0,39.92179855667828,5,0.03530895334147301,0.016522417782085987,0.27235111056058325,MODERATE,0.42618981140507367,Medium
Embilipitiya,41,110.0,130.0,39.92179855667828,5,0.03530895334147301,0.016522417782085987,0.27235111056058325,MODERATE,0.42618981140507367,Medium
Embilipitiya,42,110.0,130.0,39.92179855667828,5,0.03530895334147301,0.016522417782085987,0.27235111056058325,MODERATE,0.42618981140507367,Medium
Embilipitiya,43,111.0,135.0,40.60480267160524,5,0.04287515762893152,0.019243472115383454,0.27734550019285276,MODERATE,0.4252319845023421,Medium
Embilipitiya,44,111.0,135.0,40.60480267160524,5,0.04287515762893152,0.019243472115383454,0.27734550019285276,MODERATE,0.4252319845023421,Medium
Embilipitiya,45,111.0,135.0,40.60480267160524,5,0.04287515762893152,0.019243472115383454,0.27734550019285276,MODERATE,0.4252319845023421,Medium
Embilipitiya,46,114.5,135.0,45.048584883434465,5,0.06935687263503633,0.0369472788413813,0.2927808347659319,STRONG,0.41900014188331897,Medium
Embilipitiya,47,114.5,135.0,45.048584883434465,5,0.06935687263503633,0.0369472788413813,0.2927808347659319,STRONG,0.41900014188331897,Medium
Embilipitiya,48,114.5,135.0,45.048584883434465,5,0.06935687263503633,0.0369472788413813,0.2927808347659319,STRONG,0.41900014188331897,Medium
Embilipitiya,49,118.0,135.0,39.89830823481116,5,0.09583858764114114,0.016428833511200707,0.31777173235305567,STRONG,0.4262227536110523,Medium
Embilipitiya,50,120.0,135.0,37.374790969315136,5,0.11097099621605817,0.006375266570153431,0.33163443051950525,STRONG,0.4297616674676082,Medium
Embilipitiya,51,122.0,135.0,40.52005676205304,5,0.1261034047909752,0.0189058486379013,0.3398510914337561,STRONG,0.4253508299240483,Medium
Embilipitiya,52,122.0,135.0,40.52005676205304,5,0.1261034047909752,0.0189058486379013,0.3398510914337561,STRONG,0.4253508299240483,Medium
Galenbidunuwewa,1,131.7,131.0,34.76147292621531,4,0.26652748799026,0.8477824146767382,0.23795001232351046,WEAK,0.3934265155617721,Low
Galenbidunuwewa,2,128.95,133.5,28.43255176729658,4,0.2091162145050285,0.6862204711186786,0.23528204309910175,WEAK,0.40230202717113883,Medium
Galenbidunuwewa,3,128.2,136.0,28.2115815461192,4,0.19345859446360172,0.6805796395289908,0.2249490359654536,WEAK,0.4026119099638199,Medium
Galenbidunuwewa,4,128.2,136.0,28.2115815461192,4,0.19345859446360172,0.6805796395289908,0.2249490359654536,WEAK,0.4026119099638199,Medium
Galenbidunuwewa,5,122.95,128.5,24.514145576245017,4,0.08385525417361463,0.5861931040556356,0.16634316461630205,WEAK,0.4077970963568061,Medium
Galenbidunuwewa,6,120.95,126.5,22.465009830103938,4,0.0421016007298099,0.533883658978363,0.1481052858027667,WEAK,0.410670750119804,Medium
Galenbidunuwewa,7,119.583333325,125.26666664999999,20.786988444831426,4,0.013569937369236357,0.4910478597119156,0.13741548809894835,WEAK,0.4130239629204982,Medium
Galenbidunuwewa,8,118.933333325,125.56666665,19.933890731671582,4,0.0,0.4692703527526429,0.13268241181183926,WEAK,0.41422032458577257,Medium
Galenbidunuwewa,9,122.366666675,125.8,21.831781126656214,4,0.07167710542647851,0.5177188723619909,0.17432811097936116,WEAK,0.41155877330222496,Medium
Galenbidunuwewa,10,125.233333325,130.10000000000002,21.841754091087907,4,0.13152400834798483,0.5179734578554992,0.21914964179711383,WEAK,0.4115447874807286,Medium
Galenbidunuwewa,11,127.183333325,132.3,21.180310553724695,4,0.1722338204556945,0.5010884152444492,0.25390326153065856,WEAK,0.4124723783998436,Medium
Galenbidunuwewa,12,131.1,134.60000000000002,21.671794265050295,4,0.2540013919571187,0.5136347974216067,0.31209234461243734,WEAK,0.4117831346446835,Medium
Galenbidunuwewa,13,135.016666675,137.10000000000002,19.146946388190003,4,0.3357689634585435,0.44918158020951543,0.3895313275415288,WEAK,0.41532391451541695,Medium
Galenbidunuwewa,14,138.716666675,140.7,16.035827952813104,4,0.413013222329582,0.3697623034579822,0.46731934088269095,MODERATE,0.41968686470834055,Medium
Galenbidunuwewa,15,142.2925926,144.4,11.607223057431346,4,0.48766720823616555,0.2567108060253846,0.551572704670778,MODERATE,0.4258974230602752,Medium
Galenbidunuwewa,16,144.768518525,145.0,6.89705709413366,4,0.5393566847486561,0.13647174025048323,0.6203995784988712,MODERATE,0.4325028352055001,Medium
Galenbidunuwewa,17,149.44444445,150.0,1.6703662701764574,4,0.6369751800493321,0.003047052741835309,0.7269696218515402,STRONG,0.4398326081512778,Medium
Galenbidunuwewa,18,150.820370375,150.4,1.551003033108115,4,0.6657001471677307,0.0,0.7492751103757981,STRONG,0.43999999999733336,Medium
Galenbidunuwewa,19,150.4962963,150.4,1.995688075887972,4,0.6589345088588949,0.011351726143952603,0.7413629501081831,STRONG,0.4393763854569401,Medium
Galenbidunuwewa,20,149.422222225,147.84444445000003,9.197530531749766,4,0.6365112505086324,0.19519722447636775,0.6785841317623824,MODERATE,0.42927671211281015,Medium
Galenbidunuwewa,21,147.39814815,147.7962963,12.387449398378736,4,0.5942550067725623,0.27662808432502284,0.626534233998166,MODERATE,0.42480325427966814,Medium
Galenbidunuwewa,22,146.774074075,146.54814815,16.4351842460319,4,0.5812263204471556,0.3799568970205277,0.5909305160802348,MODERATE,0.4191268180072148,Medium
Galenbidunuwewa,23,153.45,145.9,30.75077234802404,4,0.7205984691916364,0.7453989966863143,0.6040991027221487,MODERATE,0.39905101595442855,Low
Galenbidunuwewa,24,155.583333325,144.16666665,33.042481079244375,4,0.7651356993577216,0.8039007393037223,0.6228765896923606,MODERATE,0.39583718425412845,Low
Galenbidunuwewa,25,163.083333325,144.16666665,40.72434434960931,4,0.9217118997719894,0.9999999999744725,0.6912839248353739,MODERATE,0.3850643424181054,Low
Galenbidunuwewa,26,162.333333325,150.0,30.717349430284873,4,0.9060542797305626,0.744545790995529,0.7434042620490398,STRONG,0.39909788737010343,Low
Galenbidunuwewa,27,161.133333325,147.6,31.71512083106241,4,0.8810020876642795,0.7700164648573925,0.7182474495338614,MODERATE,0.39769863915248016,Low
Galenbidunuwewa,28,162.383333325,150.1,30.794822804797715,4,0.9070981210666573,0.7465234975660489,0.7436927164084808,STRONG,0.3989892407591504,Low
Galenbidunuwewa,29,162.383333325,150.1,30.794822804797715,4,0.9070981210666573,0.7465234975660489,0.7436927164084808,STRONG,0.3989892407591504,Low
Galenbidunuwewa,30,162.483333325,150.3,30.728795768120957,4,0.9091858037388475,0.7448379881237573,0.7456798557731963,STRONG,0.399081835328721,Low
Galenbidunuwewa,31,162.383333325,150.1,30.794822804797715,4,0.9070981210666573,0.7465234975660489,0.7436927164084808,STRONG,0.3989892407591504,Low
Galenbidunuwewa,32,162.833333325,151.0,30.50690268757038,4,0.9164926930915138,0.739173598181829,0.7525761202731781,STRONG,0.3993930123149739,Low
Galenbidunuwewa,33,166.833333325,151.0,38.42458704339653,4,0.9999999999791233,0.9412927968392287,0.7646768007745353,STRONG,0.38828946122705965,Low
Galenbidunuwewa,34,163.883333325,150.1,33.760743153533944,4,0.9384133611495109,0.8222362207850703,0.7482509656658656,STRONG,0.39482991252189314,Low
Galenbidunuwewa,35,161.383333325,147.26666665,35.73994031582718,4,0.886221294344755,0.8727603041470633,0.6964758947218004,MODERATE,0.39205433877874346,Low
Galenbidunuwewa,36,164.133333325,147.26666665,39.03138339074796,4,0.9436325678299865,0.9567828297785517,0.7185287184278519,STRONG,0.3874385060815923,Low
Galenbidunuwewa,37,164.133333325,147.26666665,39.03138339074796,4,0.9436325678299865,0.9567828297785517,0.7185287184278519,STRONG,0.3874385060815923,Low
Galenbidunuwewa,38,164.333333325,147.26666665,38.86821038186462,4,0.9478079331743673,0.9526174202578059,0.722701594816324,STRONG,0.3876673355927071,Low
Galenbidunuwewa,39,158.383333325,147.26666665,31.33278368916848,4,0.8235908141790479,0.7602563287792602,0.6776290284394708,MODERATE,0.3982348186460088,Low
Galenbidunuwewa,40,157.133333325,147.26666665,31.14382407683567,4,0.79749478077667,0.7554326500738547,0.6592629230640389,MODERATE,0.3984998106076479,Low
Galenbidunuwewa,41,152.733333325,147.26666665,22.51833821153081,4,0.7056367432002995,0.5352450026787802,0.6454163067305295,MODERATE,0.41059596380842833,Medium
Galenbidunuwewa,42,153.133333325,147.26666665,22.046012494981692,4,0.7139874738890606,0.5231876774503575,0.654693686054206,MODERATE,0.4112583408985152,Medium
Galenbidunuwewa,43,154.833333325,147.26666665,26.151779210133213,4,0.749478079316295,0.6279979023906849,0.65510908388955,MODERATE,0.4055005222702446,Medium
Galenbidunuwewa,44,154.133333325,147.26666665,23.17335635441895,4,0.7348643006109629,0.5519660206174644,0.6631567203038561,MODERATE,0.4096773836925492,Medium
Galenbidunuwewa,45,152.983333325,147.26666665,20.711590963972043,4,0.710855949880775,0.48912314565067977,0.6608611759979114,MODERATE,0.4131296983531068,Medium
Galenbidunuwewa,46,153.083333325,147.26666665,20.599056079641667,4,0.7129436325529658,0.4862504041242862,0.6631451233836528,MODERATE,0.41328751429791843,Medium
Galenbidunuwewa,47,153.083333325,147.26666665,20.599056079641667,4,0.7129436325529658,0.4862504041242862,0.6631451233836528,MODERATE,0.41328751429791843,Medium
Galenbidunuwewa,48,153.383333325,147.26666665,20.26954475838622,4,0.7192066805695361,0.4778387825935941,0.6699453147787535,MODERATE,0.4137496122580264,Medium
Galenbidunuwewa,49,152.333333325,147.26666665,23.00879059596329,4,0.697286012511539,0.5477650575920782,0.6360232449856347,MODERATE,0.4099081663588207,Medium
Galenbidunuwewa,50,152.333333325,147.26666665,23.00879059596329,4,0.697286012511539,0.5477650575920782,0.6360232449856347,MODERATE,0.4099081663588207,Medium
Galenbidunuwewa,51,152.333333325,147.26666665,23.00879059596329,4,0.697286012511539,0.5477650575920782,0.6360232449856347,MODERATE,0.4099081663588207,Medium
Galenbidunuwewa,52,151.18333332499998,147.26666665,16.794741246956516,4,0.6732776617813506,0.3891355115790969,0.6576743684412387,MODERATE,0.41862258478076064,Medium
Monaragala,1,61.08809523785715,33.08333333333333,53.25711799025124,14,0.4965479618707954,0.3533911249085423,0.5340631901759609,MODERATE,0.7674887121770648,High
Monaragala,2,58.73095238071429,31.583333333333336,48.049010705873506,14,0.3289154018530334,0.16117559682074914,0.4563926521845878,MODERATE,0.7747924240585411,High
Monaragala,3,57.159523809285716,32.083333333333336,46.48210606664779,14,0.2171603618411916,0.10334587361296962,0.38703380297765133,WEAK,0.7769898096740375,High
Monaragala,4,56.06428571404762,30.666666666666664,45.8695632366516,14,0.13927048546930212,0.08073876567237812,0.3342681726838821,WEAK,0.7778488235347496,High
Monaragala,5,54.50476190452381,31.5,43.681934808224526,14,0.028362074548459383,0.0,0.27127155591134455,WEAK,0.7809166957717301,High
Monaragala,6,54.25476190452381,30.333333333333336,44.57229910374008,14,0.010582863637484603,0.03286066010321946,0.2497219827023086,WEAK,0.779668072437202,High
Monaragala,7,54.10595238071429,30.0,44.636546296514254,14,0.0,0.035231830168069966,0.2411920424579825,WEAK,0.7795779738736368,High
Monaragala,8,54.91190476166667,30.0,46.298859352128055,14,0.0573167894606184,0.09658279019734603,0.2688418945461273,WEAK,0.7772467900189113,High
Monaragala,9,55.05267857119048,30.0,47.22714461061665,14,0.06732817846167904,0.13084299864422666,0.2677853841852026,WEAK,0.7759449873290628,High
Monaragala,10,55.07440476166666,29.833333333333332,47.21365586195327,14,0.0688732765527516,0.13034516962381615,0.26906866500860965,WEAK,0.7759639035933599,High
Monaragala,11,55.969940475952384,29.666666666666664,48.53714852379609,14,0.13256094992313674,0.1791912910698017,0.30462288967490214,WEAK,0.774107872495778,High
Monaragala,12,56.96071428547619,29.916666666666664,49.903070836948885,14,0.20302165602151173,0.22960336294418784,0.34486540128008686,WEAK,0.7721923391776236,High
Monaragala,13,57.364831780300214,30.0,49.982272989619304,14,0.23176121671467587,0.232526475462799,0.3656892936703071,WEAK,0.7720812681739151,High
Monaragala,14,58.13561594179089,29.916666666666664,51.02936267317204,14,0.286576953410602,0.27117139683050784,0.39713986585032457,WEAK,0.770612857301183,High
Monaragala,15,58.333781055662534,29.916666666666664,51.093377932246504,14,0.30066983082948734,0.2735340069221979,0.40711887139156605,WEAK,0.7705230839953028,High
Monaragala,16,58.506350931438924,30.0,51.19177158240125,14,0.3129424557027239,0.27716541971619146,0.41541548684799506,MODERATE,0.7703850993432099,High
Monaragala,17,60.34195652150104,30.0,54.39325161323113,14,0.4434849314430386,0.39532238945342574,0.48378310121892254,MODERATE,0.765895428439229,High
Monaragala,18,59.61732401632505,30.0,52.85338908779868,14,0.3919513548731508,0.3384907090853119,0.4593408388835351,MODERATE,0.7680548909097079,High
Monaragala,19,59.22185817781574,30.0,51.89968629096686,14,0.36382707266938075,0.30329241597761986,0.4470472005076306,MODERATE,0.7693923384829389,High
Monaragala,20,60.33293995835403,30.0,53.577448117824716,14,0.4428437019315075,0.3652135435477779,0.4908293905616862,MODERATE,0.7670394896800992,High
Monaragala,21,60.18437888174948,30.0,53.37903473651825,14,0.43227850707505233,0.35789070421574143,0.48473620425235386,MODERATE,0.767317739357259,High
Monaragala,22,59.71915113847826,30.767391304347825,54.00855733290424,14,0.39919297839802886,0.38112448410934996,0.45411361277118417,MODERATE,0.7664349135213409,High
Monaragala,23,60.16368529996895,30.89413043478261,53.957426571754745,14,0.4308068448551338,0.3792374019662149,0.4782957831497966,MODERATE,0.7665066179481749,High
Monaragala,24,60.49921152495169,31.020869565217392,54.01197267551148,14,0.4546684109356593,0.38125053410160353,0.4956886746763436,MODERATE,0.7664301239352171,High
Monaragala,25,62.953785368982054,31.147608695652174,59.7028587660445,14,0.6292299552139711,0.5912839714811443,0.5741014735401923,MODERATE,0.758449375827314,High
Monaragala,26,64.68812111777433,31.274347826086956,63.27204768189319,14,0.7525704394868561,0.7230119668630453,0.6336748378993807,MODERATE,0.7534440397102734,High
Monaragala,27,66.5176949618047,31.401086956521738,68.16416031432765,14,0.882683956487731,0.9035650856378834,0.6861216959563274,MODERATE,0.7465834703694286,High
Monaragala,28,66.674649758216,30.833333333333336,69.05960386326134,14,0.8938460862032743,0.9366132056617134,0.6862312632370274,MODERATE,0.7453277240242725,High
Monaragala,29,68.16731884034161,30.333333333333332,70.77707814028014,14,0.9999999999288831,0.999999999963093,0.7499999999558891,STRONG,0.7429191835318716,High
Monaragala,30,67.4618530018323,30.166666666666664,69.23040841107847,14,0.9498294961955043,0.942917086239778,0.7266428505866837,STRONG,0.74508819224484,High
Monaragala,31,67.28781573475155,30.333333333333336,68.05931279442456,14,0.937452515084311,0.8996954799814638,0.7281655163178673,STRONG,0.7467305057577274,High
Monaragala,32,66.37568322957557,30.166666666666664,66.07253651363935,14,0.8725845303311932,0.8263695611493102,0.6978460074610674,MODERATE,0.7495167082561538,High
Monaragala,33,65.91593167678054,30.166666666666664,64.5253694009386,14,0.8398884510360295,0.7692682905015468,0.6875992656516354,MODERATE,0.7516864144865837,High
Monaragala,34,65.44832298112837,30.166666666666664,63.03187208219502,14,0.8066335965408062,0.7141478100381149,0.676438244896076,MODERATE,0.7537808556177371,High
Monaragala,35,64.14738095214285,30.5,60.733631204655495,14,0.7141147056756663,0.6293266725637945,0.6282543611158011,MODERATE,0.7570038478272353,High
Monaragala,36,64.29999999976191,30.0,60.757399760560844,14,0.7249684906222714,0.6302038982574616,0.6361753934023382,MODERATE,0.7569705154332018,High
Monaragala,37,65.04714285690476,30.165,61.333669883011375,14,0.7781029323733554,0.6514722899897721,0.6707091267825734,MODERATE,0.7561623694580014,High
Monaragala,38,64.485238095,30.165,60.71113914784736,14,0.7381420392782124,0.6284965586008728,0.6464823898084411,MODERATE,0.7570353900927032,High
Monaragala,39,64.0899999997619,30.165,60.19443209072014,14,0.7100339534570521,0.6094264599202415,0.6301688501127287,MODERATE,0.7577600064007624,High
Monaragala,40,64.98642857119047,30.665,61.0074087903535,14,0.7737851240092617,0.639430977321762,0.6704810986765057,MODERATE,0.756619909383505,High
Monaragala,41,67.41142857119048,30.665,66.70164029722348,14,0.9462434698457178,0.8495878839258733,0.74728563140282,STRONG,0.7486344697522298,High
Monaragala,42,66.43785714261905,30.5,64.22574859243839,14,0.8770061427838358,0.7582101903535887,0.7182020594994796,STRONG,0.7521065947823209,High
Monaragala,43,66.14261904738096,31.333333333333336,62.3151493590925,14,0.856009741327066,0.6876957365320807,0.7200833718622793,STRONG,0.7547859686045895,High
Monaragala,44,66.30940476166667,32.75083333333333,61.22117552930561,14,0.8678710148919587,0.6473204627666063,0.7390731454773174,STRONG,0.7563201285637373,High
Monaragala,45,67.06309523785714,33.75,61.678820084146274,14,0.9214711026430923,0.6642107426671501,0.7750506413155317,STRONG,0.755678339946458,High
Monaragala,46,66.74952380928572,34.83,60.976435491513556,14,0.8991708923861844,0.6382878463015929,0.7648062077142401,STRONG,0.7566633455184373,High
Monaragala,47,65.2197619045238,34.83,57.69673497225576,14,0.7903790541928383,0.517243994311461,0.7134732920667635,STRONG,0.7612627107661617,High
Monaragala,48,65.04714285690476,34.83,57.52541914356647,14,0.7781029323733554,0.5109212438988329,0.7058468883053083,MODERATE,0.7615029595523639,High
Monaragala,49,65.15230158706349,34.83,57.47581836223378,14,0.7855814893438451,0.5090906286951047,0.7119134598341077,STRONG,0.7615725183759766,High
Monaragala,50,65.40031746007936,34.83,57.609053476521495,14,0.8032195954063202,0.514007934820781,0.7239127128495448,STRONG,0.7613856729762722,High
Monaragala,51,64.83880952357143,34.83,55.9942120730088,14,0.7632869232808768,0.4544090102584366,0.7088629398960484,MODERATE,0.7636502838418959,High
Monaragala,52,64.90428571404762,34.83,55.95690236355122,14,0.7679433832813701,0.453032021438006,0.7126995321015261,STRONG,0.7637026059914562,High
Nikaweratiya,1,89.84259259555556,53.33333333,83.79153660159234,9,0.26088407799623875,0.34161754541185985,0.36025867214421414,MODERATE,0.5246680512807083,Medium
Nikaweratiya,2,114.07936508640212,53.33333333,101.6286125848731,9,0.8849772135033741,0.6851537132857342,0.742444481806097,STRONG,0.49965380777987584,Medium
Nikaweratiya,3,89.197619050582,48.33333333,84.14366371519861,9,0.24427610916896533,0.34839939683897575,0.34610723266698007,MODERATE,0.5241742375316808,Medium
Nikaweratiya,4,89.50661376031746,51.66666667,83.9951585191367,9,0.25223267505770935,0.3455392360137211,0.35278969728985177,MODERATE,0.5243824972901139,Medium
Nikaweratiya,5,87.63783069079366,43.33333333,85.07952864867839,9,0.20411180063508444,0.3664238450835499,0.31147788920542585,WEAK,0.5228618053061358,Medium
Nikaweratiya,6,87.02645503015873,46.66666667,85.56190567459552,9,0.1883689721226452,0.37571426662513535,0.29734816243570006,WEAK,0.5221853325256862,Medium
Nikaweratiya,7,87.03730159063493,45.0,85.49706903436287,9,0.18864826937394438,0.37446553443695485,0.29786981842121957,WEAK,0.5222762577147742,Medium
Nikaweratiya,8,87.42407407777779,46.66666667,85.23945728494498,9,0.198607600977195,0.3695040175786279,0.3065796963382392,WEAK,0.5226375256173528,Medium
Nikaweratiya,9,87.8275132304762,48.33333333,84.96172987935945,9,0.20899609663555807,0.3641550798537545,0.3157083025132299,WEAK,0.5230270031840056,Medium
Nikaweratiya,10,84.43465608761905,48.33333333,79.05723976817126,9,0.12163055102039018,0.25043655850260554,0.27861377363964124,WEAK,0.5313073039198415,Medium
Nikaweratiya,11,92.10661375920635,53.33333333,86.83289871659817,9,0.3191822720899848,0.40019317109654173,0.3893384112933531,MODERATE,0.5204029255061546,Medium
Nikaweratiya,12,95.2415343952381,53.33333333,96.80916350276568,9,0.39990599262851684,0.5923327223070368,0.40184631389462844,MODERATE,0.5064124756799677,Medium
Nikaweratiya,13,91.84867725238094,53.33333333,90.35077441526103,9,0.3125404470133486,0.4679462903694567,0.3674187626676473,MODERATE,0.5154695496874668,Medium
Nikaweratiya,14,89.38174603507936,53.33333333,84.15216555865291,9,0.24901735048440146,0.3485631395243178,0.34962222798222164,MODERATE,0.5241623147713264,Medium
Nikaweratiya,15,80.98888889222222,53.33333333,68.56228718016864,9,0.032902579752144834,0.048307252248605805,0.2626001217519572,WEAK,0.546025147798068,Medium
Nikaweratiya,16,80.98888889222222,53.33333333,68.56228718016864,9,0.032902579752144834,0.048307252248605805,0.2626001217519572,WEAK,0.546025147798068,Medium
Nikaweratiya,17,81.85000000333334,53.33333333,67.85219128560513,9,0.055076057411199156,0.03463104081854999,0.2826492828537619,WEAK,0.5470209674958818,Medium
Nikaweratiya,18,81.65555555888889,53.33333333,68.00958675096904,9,0.050069143101090174,0.037662425282153966,0.2781362510052791,WEAK,0.5468002402589608,Medium
Nikaweratiya,19,80.15555555888889,53.33333333,66.0540792839385,9,0.011444375565963437,0.0,0.2585832816744726,WEAK,0.5495425922001561,Medium
Nikaweratiya,20,79.71111111444445,53.33333333,66.41592221286625,9,0.0,0.006968974808012897,0.24825775629799676,WEAK,0.5490351532487419,Medium
Nikaweratiya,21,85.48888889222222,53.33333333,71.56395547579918,9,0.14877688235752504,0.10611838813634755,0.3350530647340569,WEAK,0.5418156875857546,Medium
Nikaweratiya,22,93.43703704037037,53.33333333,77.23800418954254,9,0.3534404653955053,0.2153986845972789,0.46123067789730926,MODERATE,0.5338585517696489,Medium
Nikaweratiya,23,92.62129629962962,53.33333333,77.99901031830053,9,0.3324352677421429,0.23005541025383294,0.4418125982431489,MODERATE,0.532791336906169,Medium
Nikaweratiya,24,92.70370370703705,53.33333333,78.4020765709285,9,0.33455724571166584,0.23781833260483287,0.44146335113254115,MODERATE,0.5322260874561102,Medium
Nikaweratiya,25,93.49074074407407,53.33333333,78.1355486773422,9,0.35482332744305917,0.23268509376681049,0.4579462221405918,MODERATE,0.5325998591234049,Medium
Nikaweratiya,26,93.24444444777777,53.33333333,78.83457055727942,9,0.3484812359835875,0.2461480233477975,0.44982392115074127,MODERATE,0.5316195693307535,Medium
Nikaweratiya,27,93.25092592925927,53.33333333,79.29114517537393,9,0.3486481331272583,0.25494149907194,0.44775072507745867,MODERATE,0.5309792811644631,Medium
Nikaweratiya,28,96.3129629662963,53.33333333,83.99198696599309,9,0.42749511228692727,0.34547815295200274,0.48425179597719475,MODERATE,0.524386944992343,Medium
Nikaweratiya,29,99.56666667,53.33333333,89.04165380385447,9,0.5112774784094183,0.442733061556121,0.5227748434180335,MODERATE,0.517305425801712,Medium
Nikaweratiya,30,100.11296296259259,53.33333333,90.06508980328367,9,0.5253445232805452,0.46244409948843845,0.5283973675882992,MODERATE,0.5158701862298655,Medium
Nikaweratiya,31,105.89999999962963,53.33333333,99.5496791112604,9,0.6743598301290279,0.6451141440503361,0.594491336584187,STRONG,0.5025692490876172,Medium
Nikaweratiya,32,103.26851851444445,53.33333333,95.95043368678981,9,0.6065995897035162,0.5757938708441678,0.5610012245665952,MODERATE,0.5076167356572409,Medium
Nikaweratiya,33,101.6481481514815,53.33333333,94.5822850356101,9,0.5648753039766808,0.5494437815611126,0.5362955325922325,MODERATE,0.509535391132949,Medium
Nikaweratiya,34,118.54629629962963,53.33333333,117.97605330294752,9,0.9999999999742503,0.9999999999807404,0.7499999999855026,STRONG,0.47672858936848206,Medium
Nikaweratiya,35,102.11111111444444,53.33333333,95.04118259716415,9,0.576796528524559,0.558281996405895,0.5430268972919454,MODERATE,0.5088918453322018,Medium
Nikaweratiya,36,101.8981481514815,53.33333333,95.64466735033125,9,0.5713127652325353,0.5699049126096305,0.5360083457719937,MODERATE,0.5080455342788144,Medium
Nikaweratiya,37,102.12962963296296,53.33333333,95.88562985622065,9,0.5772733775064742,0.5745457705592251,0.5393185904900494,MODERATE,0.5077076148349247,Medium
Nikaweratiya,38,102.58333333666667,53.33333333,95.9605858066365,9,0.5889561775633954,0.5759893973055227,0.5477197838461658,MODERATE,0.5076024985929297,Medium
Nikaweratiya,39,104.1481481514815,53.33333333,95.16803284649724,9,0.6292499165352253,0.5607250901388915,0.5817561648666961,MODERATE,0.5087139538982058,Medium
Nikaweratiya,40,104.29629629962963,53.33333333,95.49547429135123,9,0.6330647083905463,0.5670315037726991,0.5830406553497349,STRONG,0.5082547586780073,Medium
Nikaweratiya,41,103.77777778111111,53.33333333,96.38288085956101,9,0.6197129368969222,0.5841226599731125,0.5687540376794136,MODERATE,0.5070102831820098,Medium
Nikaweratiya,42,103.77777778111111,53.33333333,96.38288085956101,9,0.6197129368969222,0.5841226599731125,0.5687540376794136,MODERATE,0.5070102831820098,Medium
Nikaweratiya,43,103.88888889222223,53.33333333,96.30590007602943,9,0.6225740307884131,0.5826400356125303,0.5712705141881773,MODERATE,0.5071182389964015,Medium
Nikaweratiya,44,106.36111111444444,53.33333333,94.25653897441613,9,0.6862333698740848,0.5431700204543327,0.6288825222919804,STRONG,0.5099922087919522,Medium
Nikaweratiya,45,107.72222222555556,53.33333333,93.21063363564669,9,0.7212817700448481,0.5230262304981499,0.6602047699090985,STRONG,0.5114589587708905,Medium
Nikaweratiya,46,107.16666667,53.33333333,93.61171282653935,9,0.7069763005873936,0.5307508826991254,0.6475445047657638,STRONG,0.5108964959236442,Medium
Nikaweratiya,47,107.16666667,53.33333333,93.61171282653935,9,0.7069763005873936,0.5307508826991254,0.6475445047657638,STRONG,0.5108964959236442,Medium
Nikaweratiya,48,108.42592593,55.0,92.68978695289005,9,0.7394020313766976,0.5129948961240769,0.6763027995015038,STRONG,0.5121893803804238,Medium
Nikaweratiya,49,108.14814815222222,55.0,92.89029687498494,9,0.7322492966479702,0.516856650725657,0.6699728098045634,STRONG,0.5119081905699236,Medium
Nikaweratiya,50,109.90740741111111,63.75,91.75061917665818,9,0.7775499499203721,0.49490683622346626,0.7094357533844124,STRONG,0.5135064444252717,Medium
Nikaweratiya,51,111.11111111444444,73.33333333,91.09194836015969,9,0.8085451337353194,0.48222105474211013,0.7358535866159621,STRONG,0.5144301469539949,Medium
Nikaweratiya,52,111.2962963,75.0,91.00720277676676,9,0.8133136235640078,0.48058888291134977,0.7398379969451684,STRONG,0.5145489919183039,Medium
Thissamaharama,1,59.51058823372549,42.5,45.424540248581785,17,0.36443852793255765,0.6286770501338109,0.36615963341596547,MODERATE,0.8984729119926776,High
Thissamaharama,2,58.04980392196079,42.5,41.63051374009177,17,0.2796757603588221,0.38799042190610994,0.3627592147925891,MODERATE,0.9037935544018337,High
Thissamaharama,3,56.868431372941174,42.33,39.330091376243296,17,0.21112600528268022,0.2420555158069306,0.3478306250102775,WEAK,0.907019605870023,High
Thissamaharama,4,56.51078431411764,42.333333333333336,39.146891258186585,17,0.19037334914012707,0.23043361000123413,0.3351716093547868,WEAK,0.9072765208692497,High
Thissamaharama,5,54.46013071803922,41.333333333333336,37.28215237600137,17,0.07138311030831902,0.11213772749384579,0.27550290085777784,WEAK,0.9098915813482302,High
Thissamaharama,6,53.44748069055259,40.0,36.48662956432514,17,0.012623567080686215,0.061671105083035145,0.24404989903975585,WEAK,0.9110072014947379,High
Thissamaharama,7,53.22992870071301,41.0,35.51448661971772,17,0.0,0.0,0.25,WEAK,0.9123705090433978,High
Thissamaharama,8,53.681657752049915,41.0,37.811718461832605,17,0.026211812569727006,0.14573250479369887,0.23322573322887055,WEAK,0.9091489318784863,High
Thissamaharama,9,53.465416545920746,42.0,36.6215175876259,17,0.013664304393897589,0.07022817326479666,0.242691184979224,WEAK,0.9108180380991593,High
Thissamaharama,10,54.10981959469353,36.25,38.33026691903642,17,0.05105612562789537,0.17862834235776862,0.24363500863147938,WEAK,0.9084217332396716,High
Thissamaharama,11,56.70640751601536,33.0,42.39828268801884,17,0.20172448692340103,0.4366963861161598,0.2921192686635108,WEAK,0.9027168555396532,High
Thissamaharama,12,57.040082272631295,32.666666666666664,43.39465711687052,17,0.22108613779305722,0.49990469559844014,0.2908384294451829,WEAK,0.9013195663985035,High
Thissamaharama,13,57.95199232336487,33.333333333333336,44.226679638847536,17,0.27400019160371575,0.5526867979311559,0.31732844421999784,WEAK,0.9001527600238255,High
Thissamaharama,14,58.578608254490604,35.666666666666664,44.778873913202204,17,0.3103599061079373,0.5877170692599566,0.3358406622659638,WEAK,0.8993783773810975,High
Thissamaharama,15,58.795420266008506,35.666666666666664,45.045109206808014,17,0.322940535562593,0.6046065862387658,0.34105375511225333,WEAK,0.8990050160482751,High
Thissamaharama,16,60.08674208242836,35.666666666666664,46.98895234705951,17,0.3978701539234729,0.7279207091590301,0.3664224381528472,MODERATE,0.8962790218503891,High
Thissamaharama,17,61.248652133652136,36.75,47.91315549425324,17,0.46529058746748536,0.786550594532187,0.4023302919675673,MODERATE,0.8949829438054333,High
Thissamaharama,18,62.10909159369944,36.625,49.03299396444794,17,0.5152180335496197,0.8575912540920749,0.42201571163919605,MODERATE,0.8934125119587951,High
Thissamaharama,19,62.423256545903605,36.5,47.929249381110985,17,0.5334476178962134,0.7875715635091304,0.45319282254487747,MODERATE,0.8949603741642482,High
Thissamaharama,20,62.8008528706568,36.5,49.0496492707177,17,0.5553578405444061,0.858647838567486,0.45185642076643306,MODERATE,0.8933891549978782,High
Thissamaharama,21,63.21751995472371,36.5,48.89291563853691,17,0.5795351642724548,0.8487049218864721,0.47247514273272306,MODERATE,0.8936089540974512,High
Thissamaharama,22,62.79379488192788,36.5,48.17944969346875,17,0.5549482970865874,0.8034438483833007,0.46535026071911545,MODERATE,0.8946094998649422,High
Thissamaharama,23,62.1896776522693,36.5,47.657722117462185,17,0.5198940814077658,0.7703463328964076,0.44733397783172246,MODERATE,0.8953411568158662,High
Thissamaharama,24,61.795364344179355,36.75,47.0666162321726,17,0.4970138471283586,0.7328475747465804,0.4395484916596239,MODERATE,0.89617010807241,High
Thissamaharama,25,62.960658879226656,36.25,49.01405090409493,17,0.5646306671021677,0.8563895383648714,0.4593756157354079,MODERATE,0.8934390772055185,High
Thissamaharama,26,63.27360047309749,36.0,49.59182506580093,17,0.5827892654467673,0.8930425545066721,0.46383131045840753,MODERATE,0.8926288220054538,High
Thissamaharama,27,63.75585579059578,37.5,49.317737895463345,17,0.6107723804481352,0.8756549277409117,0.48916555340087353,MODERATE,0.893013194602493,High
Thissamaharama,28,63.884973855152886,37.5,49.501348158535144,17,0.6182645231330488,0.887302852453051,0.4918726792365239,MODERATE,0.8927557044267469,High
Thissamaharama,29,63.98575858784725,37.5,49.7238523189243,17,0.6241126095367379,0.9014181402642624,0.4927299220864878,MODERATE,0.8924436704782938,High
Thissamaharama,30,64.0443864562279,37.5,49.91578723024762,17,0.6275145220168145,0.9135941665893865,0.49223734986526424,MODERATE,0.8921745060360582,High
Thissamaharama,31,64.20105354029481,37.5,50.03549827568791,17,0.6366052108517568,0.9211884329510367,0.49715679990105843,MODERATE,0.8920066264327426,High
Thissamaharama,32,64.83007356593033,38.0,50.96647880846052,17,0.6731044241872005,0.9802482642087389,0.5097662520882157,MODERATE,0.8907010439615385,High
Thissamaharama,33,64.9749759441149,38.5,51.27783224546639,17,0.6815124598595595,0.9999999999365616,0.5111343449105292,MODERATE,0.8902644101379574,High
Thissamaharama,34,63.635074400632796,39.0,49.56570290213929,17,0.6037639776317759,0.8913854086012171,0.4799766310735277,MODERATE,0.8926654550367429,High
Thissamaharama,35,64.07401146951872,41.75,49.726982200568294,17,0.6292335287830533,0.9016166946649653,0.49652097292104863,MODERATE,0.8924392812150734,High
Thissamaharama,36,64.1432426563458,40.333333333333336,49.48553425392625,17,0.633250704317194,0.886299645076689,0.5033631169687233,MODERATE,0.8927778814282329,High
Thissamaharama,37,63.32306207807487,40.833333333333336,48.7659919855428,17,0.5856593007372318,0.8406530998938907,0.47908120057945125,MODERATE,0.8937869484707994,High
Thissamaharama,38,63.58748934313726,40.833333333333336,49.64429989427867,17,0.601002829982535,0.8963714689211788,0.4766592552566065,MODERATE,0.8925552326941543,High
Thissamaharama,39,64.53067774901962,42.333333333333336,49.10092674760589,17,0.6557318265785267,0.8619007950211703,0.5263236711786023,MODERATE,0.8933172448207733,High
Thissamaharama,40,65.53867007647058,42.5,49.981522325946536,17,0.7142211043450838,0.9177642899410795,0.5562247557735429,STRONG,0.892082320876792,High
Thissamaharama,41,67.62597612941177,42.5,50.39725966309911,17,0.8353381210023679,0.9441379638423303,0.6404690997911934,STRONG,0.8914993018329941,High
Thissamaharama,42,67.54543904509805,42.5,50.79054131439498,17,0.8306649149008435,0.9690870869922097,0.6307269144275802,STRONG,0.8909477740490039,High
Thissamaharama,43,67.80343137254901,42.5,50.71792030186896,17,0.8456350535526718,0.9644801327170467,0.6431062569852422,STRONG,0.89104961583587,High
Thissamaharama,44,68.88225490196079,42.5,50.47041445291508,17,0.9082343485616237,0.9487787800464634,0.6939810664096019,STRONG,0.8913967114909771,High
Thissamaharama,45,69.59833333333333,42.5,50.39738500436086,17,0.949785171057568,0.9441459152800973,0.7263023994731517,STRONG,0.8914991260577244,High
Thissamaharama,46,69.52274509803922,42.5,50.577678393889194,17,0.9453991244879666,0.9555834231415243,0.7201534875805938,STRONG,0.8912462873776918,High
Thissamaharama,47,69.78725490196078,42.5,50.541219264786655,17,0.9607474430933958,0.9532705176222371,0.7322429529144876,STRONG,0.8912974166958635,High
Thissamaharama,48,70.46372549019607,45.0,50.3025575874289,17,0.9999999999419745,0.9381302242474112,0.7654674438946281,STRONG,0.891632109518686,High
Thissamaharama,49,70.24803921568628,45.0,50.53065622112239,17,0.9874846919612688,0.9526004159880803,0.7524634149739314,STRONG,0.8913122300288657,High
Thissamaharama,50,70.39019607843136,45.0,50.57799122629257,17,0.9957334176758244,0.9556032687003785,0.7578992460817737,STRONG,0.8912458486698049,High
Thissamaharama,51,70.43411764705883,45.0,50.55188399788175,17,0.9982819894828056,0.953947070261989,0.760224724546607,STRONG,0.8912824607562934,High
Thissamaharama,52,70.29705882352941,45.0,50.64841099134022,17,0.9903290801387019,0.9600705795565306,0.7527291652148937,STRONG,0.8911470938541712,High
